id,name,email,presented,practical_group,worksheet_file,worksheet_type,design_file,logbook_file,other_files,repo_url,repo_status,branch_count,filled_sections,gitlog_lines,logbook_entries,missing_files
45346186,Lachlan Clark,lachlan.clark2@students.mq.edu.au,yes,MON 05:00PM C11,COMP2000_Worksheet.txt,.txt,COMP2000.drawio.pdf,Comp2000 Logbook.pdf,,https://github.com/Liege-dev/Football_Simulation,reachable,6,"1.1=473,1.2=305,1.3=107,2.1=2861,2.2=449,2.3=294,2.4=1046,3.1=262,3.2=383,3.3=346,4.1=289,5.1=121,5.2=102,5.3=708",12,3,
47862300,Tarun Raja,tarun.raja@students.mq.edu.au,no,TUE 09:00AM C07,Tarun_Raja_Worksheet_47862300.md,.md,class-diagram_Tarun_Raja_47862300.pdf,Tarun_Raja_Logbook_47862300.pdf,,https://github.com/Tee-run/Team-V---Thee-Sheep-Simulation-V-,reachable,2,"1.1=664,1.2=1136,1.3=242,2.1=1911,2.2=1115,2.3=1206,2.4=1574,3.1=1206,3.2=1566,3.3=1334,4.1=1204,5.1=1897,5.2=730,5.3=1154",12,10,
48200166,James Mcdermott,james.mcdermott1@students.mq.edu.au,no,MON 01:00PM C03,worksheet-7.md,.md,UML.pdf,LOGBOOK.txt,,https://github.com/jmcdermott-au/Comp2k.git,reachable,1,"1.1=261,1.2=43,1.3=108,2.1=2237,2.2=426,2.3=350,2.4=1625,3.1=797,3.2=46,3.3=369,4.1=230,5.1=55,5.2=155,5.3=1745",9,7,
48412953,Denzell Muliana,denzell.muliana@students.mq.edu.au,no,MON 01:00PM C03,worksheet-7.md,.md,Design Diagram.pdf,Logbook.docx,,https://github.com/denzellm-tvd/comp2000-simulation-assignment-thing-team,reachable,1,"1.1=354,1.2=595,1.3=723,2.1=3087,2.2=1050,2.3=503,2.4=785,3.1=1741,3.2=948,3.3=35,4.1=196,5.1=976,5.2=364,5.3=1227",11,6,
48416916,Brinthikkan Surendran,brinthikkan.surendran@students.mq.edu.au,no,MON 05:00PM C11,worksheet-7.md,.md,,Logbook.docx,,https://github.com/Brinthikkan/Football_Simulation,reachable,1,"1.1=7,1.2=0,1.3=99,2.1=239,2.2=624,2.3=291,2.4=563,3.1=234,3.2=188,3.3=76,4.1=211,5.1=317,5.2=190,5.3=636",2,1,design
48430382,Amy Calman,amy.calman@students.mq.edu.au,yes,MON 01:00PM C04,worksheet-7.md,.md,,,07 09 2026.md;24 08 2026.md;zip time,https://github.com/TheSquibler/comp-2000-asses-1-political-sim,reachable,1,"1.1=7,1.2=189,1.3=134,2.1=79,2.2=0,2.3=0,2.4=29,3.1=0,3.2=0,3.3=76,4.1=31,5.1=0,5.2=0,5.3=0",2,missing,design;logbook
48766380,Aarya Alhad Tamhane,aaryaalhad.tamhane@students.mq.edu.au,no,MON 03:00PM C06,,,,48766380_LOGBOOK_AaryaAlhadTamhane.pdf,,,no_url,0,,0,2,worksheet;design
48870153,Mason Newton,mason.newton@students.mq.edu.au,no,MON 05:00PM C11,COMP2000_Worksheet_1_Mason_Newton_FINAL.pdf,.pdf,COMP2000_Program_Design_Mason_Newton_FINAL.pdf,COMP2000_Logbook_Mason_Newton_FINAL.pdf,,,no_url,0,"1.1=287,1.2=210,1.3=134,2.1=661,2.2=169,2.3=240,2.4=685,3.1=281,3.2=421,4.1=369,5.1=426,5.2=306,5.3=590",3,5,
48925381,Seokmin Cho,seokmin.cho@students.mq.edu.au,no,MON 03:00PM C06,COMP2000 Worksheet 1 - Mid-Semester Submission.docx,.docx,COMP2000 Assessment 1 UML.drawio.pdf,COMP2000_Logbook_SeokminCho_48925381.docx,,https://github.com/kerk11/COMP2000-Assignment-1,reachable,1,"1.1=466,1.2=570,1.3=64,2.1=1128,2.2=538,2.3=491,2.4=324,3.1=469,3.2=322,3.3=11,4.1=543,5.1=406,5.2=398,5.3=696",12,6,
48943606,Huy Tran,huykhoi.tran@students.mq.edu.au,no,TUE 09:00AM C07,worksheet-7.md,.md,COMP2000_UML_V1.pdf,COMP2000_Logbook_Weeks1-7.docx,,https://github.com/Masticccc/COMP2000-Assignment,reachable,3,"1.1=638,1.2=945,1.3=523,2.1=2338,2.2=821,2.3=647,2.4=1253,3.1=1089,3.2=1137,3.3=620,4.1=1429,5.1=935,5.2=968,5.3=995",16,14,
49120409,Toufique Rahman Tahsin,toufiquerahman.tahsin@students.mq.edu.au,no,MON 01:00PM C03,Worksheet.md,.md,UML Sketch.pdf,Log Book.pdf,,https://github.com/ToufiqueRahmanTahsin/comp2000-simulation-assignment-fork,reachable,1,"1.1=459,1.2=434,1.3=141,2.1=2315,2.2=475,2.3=619,2.4=740,3.1=523,3.2=784,3.3=516,4.1=174,5.1=279,5.2=496,5.3=1033",14,8,
49136054,Zeyu Zheng,zeyu.zheng@students.mq.edu.au,no,MON 01:00PM C03,worksheet-7.md,.md,UML Sketch.pdf,49136054_Logbook.docx,,https://github.com/denzellm-tvd/comp2000-simulation-assignment-thing-team,reachable,1,"1.1=341,1.2=278,1.3=104,2.1=1348,2.2=488,2.3=310,2.4=675,3.1=1153,3.2=1471,3.3=377,4.1=52,5.1=629,5.2=680,5.3=539",12,18,
49169513,Ryan Ouyang,chungen.ouyang@students.mq.edu.au,no,MON 01:00PM C03,worksheet-7.md,.md,UML Class Diagram.pdf,logbook.md,,https://github.com/ryan180322/comp2000-simulation-assignment,reachable,1,"1.1=286,1.2=51,1.3=190,2.1=550,2.2=216,2.3=348,2.4=674,3.1=67,3.2=72,3.3=505,4.1=23,5.1=207,5.2=153,5.3=0",12,8,
49170279,Prakul Girish,prakul.girish@students.mq.edu.au,no,MON 01:00PM C03,worksheet-7.md,.md,particle_simulation_uml_diagram.pdf,COMP 2000 Logbook.pdf,,https://github.com/steeloops/COMP2000,reachable,1,"1.1=30,1.2=4,1.3=107,2.1=959,2.2=392,2.3=177,2.4=430,3.1=145,3.2=83,3.3=78,4.1=58,5.1=281,5.2=289,5.3=0",2,5,
